2025-06-23 12:08:22,"OMANI SULTAN, UAE PRESIDENT IN A PHONE CALL CONDEMN U.S. STRIKE ON IRAN - OMAN FOREIGN MINISTRY",RTRS
2025-06-23 12:11:42,GERMAN GOVT OFFICIAL: NATO MEMBERS HAVE MADE PLEDGES FOR 40 BILLION EUROS FOR UKRAINE IN THE NEXT 12 MONTHS,RTRS
2025-06-22 12:12:19,ROMANIAN INCOMING FINMIN NAZARE SAYS PLANNED TAX CHANGES TO BE ENFORCED FROM AUGUST 1,RTRS
2025-06-22 12:17:25,ROMANIAN INCOMING FINMIN NAZARE SAYS PLANNED HIGHER DIVIDEND TAX EXPECTED TO BRING 3.6 BLN LEI IN 2026,RTRS
2025-06-23 12:22:08,ROMANIAN INCOMING FINMIN NAZARE SAYS FISCAL MEASURES WILL BE DISCUSSED WITH EUROPEAN COMMISSION,RTRS
2025-06-23 12:22:24,"GERMAN GOVT SPOKESPERSON: CURRENTLY NO CONSENSUS ON UKRAINE'S NATO ACCESSION, WILL NOT PLAY ROLE AT THIS SUMMIT",RTRS
2025-06-22 12:22:53,ROMANIAN INCOMING FINMIN NAZARE SAYS PLANNED TEMPORARY TAX ON BANKS' EXCESSIVE PROFIT TO BE ENFORCED FROM 2026,RTRS
2025-06-23 12:32:25,"GERMAN GOVT OFFICIAL ON IRANIAN REACTION: WE ARE ADAPTING SECURITY MEASURES OVER POSSIBLE COUNTERATTACKS, ALSO DISCUSSED WITH BRITAIN, FRANCE",RTRS
2025-06-23 12:32:25,"GERMAN GOVT OFFICIAL ON IRANIAN REACTION: WE ARE ADAPTING SECURITY MEASURES OVER POSSIBLE COUNTERATTACKS, ALSO DISCUSSED WITH BRITAIN, FRANCE",RTRS
2025-06-23 12:42:54,"S&P 500 E-MINI, NASDAQ 100, AND DOW FUTURES DOWN 0.2% EACH",RTRS
2025-06-22 12:52:51,GERMAN GOVT OFFICIAL ON IRAN: WE KNOW THAT THE US IS ALSO WORKING ON DIPLOMATIC TALKS,RTRS
2025-06-22 12:54:43,"YUXING INFOTECH INVESTMENT - BETWEEN 4 AUGUST 2024 AND 23 JUNE, DISPOSED 1,220 UNITS OF ETH FOR AGGREGATE CONSIDERATION OF US$3.4 MLN",RTRS
2025-06-23 12:56:45,"GERMAN GOVT OFFICIAL: CANNOT BE RULED OUT THAT US WILL MOVE MILITARY FROM EUROPE TO OTHER REGIONS, NOT AN ISSUE AT THE NATO SUMMIT",RTRS
2025-06-22 12:59:02,RUSSIA'S PUTIN: MIDDLE EAST CONFLICT IS MOVING THE WORLD TO THE VERY DANGEROUS LINE,RTRS
2025-06-23 13:00:04,MEXICO APR ECONOMIC ACTIVITY +0.5% MONTH/MONTH -STATS AGENCY,RTRS
2025-06-23 13:00:05,MEXICO APR RETAIL SALES -1.0% MONTH/MONTH - STATS AGENCY,RTRS
2025-06-22 13:03:38,PUTIN: RUSSIA IS RAMPING UP MASS PRODUCTION OF ORESHNIK MISSILE COMPLEX,RTRS
2025-06-22 13:05:09,"JAPAN PM ISHIBA: TO BOOST JAPAN'S GDP TO 1,000 TRILLION YEN IN 2040 FROM CURRENT 400 TRILLION YEN",RTRS
2025-06-23 13:06:35,"JAPAN PM ISHIBA: TO BOOST JAPAN'S GDP TO 1,000 TRILLION YEN IN 2040 FROM CURRENT 600 (NOT 400) TRILLION YEN",RTRS
2025-06-22 13:09:02,FINNAIR: CANCELS FLIGHTS TO AND FROM QATAR'S CAPITAL DOHA UNTIL JUNE 30 DUE TO SECURITY SITUATION IN THE MIDDLE EAST,RTRS
2025-06-22 13:10:47,JAPAN PM ISHIBA: CAN'T TAKE IRRESPONSIBLE STEPS SUCH AS CUTTING CONSUMPTION TAX WITHOUT SECURING STABLE FUNDING,RTRS
2025-06-22 13:12:27,"JAPAN PM ISHIBA: WILL CHANGE RICE POLICIES TO PROMOTE EXPORTS, BOOST PRODUCTIVITY",RTRS
2025-06-22 13:12:55,BITCOIN SOLARIS: CONFIRMED IT WILL BE LISTED ON LBANK,RTRS
2025-06-22 13:14:31,"QATAR'S FOREIGN MINISTRY SPOKESPERSON SAYS EMBASSIES ADVISORIES DO NOT REFLECT ""PRESENCE OF SPECIFIC THREATS"" IN THE COUNTRY - STATEMENT",RTRS
2025-06-22 13:14:53,QATAR SAYS THE SECURITY SITUATION IN THE COUNTRY IS STABLE,RTRS
2025-06-22 13:15:17,QATAR SAYS THE IT IS READY TO TAKE ALL NECESSARY MEASURES TO ENSURE SAFETY OF CITIZENS AND RESIDENTS,RTRS
2025-06-22 13:20:04,UK BANS CAMPAIGN GROUP PALESTINE ACTION UNDER ANTI-TERRORISM LAWS,RTRS
2025-06-23 13:21:50,"WTO DISPUTE SETTLEMENT BODY AGREES TO REQUEST FROM CHINA FOR PANEL REGARDING SURTAX MEASURES IMPOSED BY CANADA ON CERTAIN PRODUCTS OF CHINESE ORIGIN, GENEVA-BASED TRADE OFFICIAL SAYS",RTRS
2025-06-22 13:21:59,JAPAN PM ISHIBA: OUR MAIN POINT IN UPPER HOUSE ELECTION CAMPAIGN IS HOW TO MAKE OUR ECONOMY STRONG,RTRS
2025-06-22 13:24:02,"WTO DISPUTE SETTLEMENT BODY AGREES TO ESTABLISH PANEL ON CHINA’S ADDITIONAL IMPORT DUTIES ON AGRICULTURAL AND FISHERY PRODUCTS FROM CANADA, GENEVA-BASED TRADE OFFICIAL SAYS",RTRS
2025-06-23 13:24:12,ANALYST ASAP AGRI SEES UKRAINE'S 2025 WHEAT HARVEST FALLING 3% TO 21.74 MILLION METRIC TONS,RTRS
2025-06-23 13:26:13,JAPAN PM ISHIBA: WE ARE WORKING ON TARIFF TALKS WITH US 'VERY METICULOUSLY' AT MINISTERIAL LEVEL,RTRS
2025-06-22 13:27:23,ANALYST ASAP AGRI SEES UKRAINE'S 2025/26 WHEAT EXPORTS AT 15 MILLION TONS,RTRS
2025-06-22 13:27:26,JAPAN PM ISHIBA: WILL CLOSELY MONITOR HORMUZ SITUATION WITH SENSE OF URGENCY,RTRS
2025-06-22 13:27:55,US NATGAS FLOWS TO CHENIERE SABINE PASS LNG EXPORT PLANT IN LOUISIANA SET TO RISE AFTER MAINTENANCE REDUCTION - LSEG DATA,RTRS
2025-06-22 13:28:53,"JPMORGAN ALLOWING ONLY ESSENTIAL EMPLOYEE TRAVEL IN AND OUT OF MIDDLE EAST, SOURCE SAYS",RTRS
2025-06-22 13:30:15,JAPAN PM ISHIBA: NO PLAN TO EXTEND TARIFF TALKS WITH US FOR THE SAKE OF EXTENSION,RTRS
2025-06-23 13:30:36,"GERMANY'S MERZ ON IRAN: THERE IS NO REASON FOR ME TO CRITICIZE US, ISRAEL FOR ATTACKS ON IRAN",RTRS
2025-06-22 13:31:13,"JAPAN PM ISHIBA SAYS STRONGLY HOPE THAT PATH TO DIALOGUE WILL BE RESUMED, WHEN ASKED ABOUT IRAN SITUATION",RTRS
2025-06-22 13:33:11,JAPAN PM ISHIBA: IMPORTANT TO SEEK PUBLIC UNDERSTANDING ON DEFENCE BUDGET,RTRS
2025-06-22 13:34:24,JAPAN PM ISHIBA: NATURAL TO COORDINATE WITH OUR ALLY US ABOUT DEFENCE BUILDUP,RTRS
2025-06-22 13:34:47,"BRENT LCOC1, WTI CLC1 CRUDE FUTURES AGAIN TURN NEGATIVE AFTER TOUCHING 5-MONTH HIGH EARLIER IN VOLATILE SESSION FOLLOWING US STRIKES ON IRAN",RTRS
2025-06-22 13:35:09,"GERMANY'S MERZ: THERE IS READINESS IN THE US ADMINISTRATION TO ACT AGAINST RUSSIA, IT IS CUMBERSOME PROCESS",RTRS
2025-06-22 13:36:43,"RUSSIA'S ROSNEFT WILL HALT OIL OUTPUT AT SAKHALIN-1 FOR MAINTENANCE IN AUGUST, SOURCES SAY",RTRS
2025-06-22 13:37:19,IRAQI STATE-RUN BASRA OIL COMPANY SAYS SOME FOREIGN PERSONNEL WORKING FOR OPERATING COMPANIES IN OILFIELDS HAVE BEEN EVACUATED,RTRS
2025-06-23 13:37:41,ESMA CHIEF TELLS REUTERS: 'THERE'S NOT A UNIFIED VIEW' ON GIVING REGULATOR GREATER POWERS,RTRS
2025-06-23 13:38:02,JAPAN PM ISHIBA: NUMERICAL TARGET SHOULD NOT COME FIRST FOR DEFENSE BUDGET,RTRS
2025-06-22 13:38:22,ESMA CHIEF: 'HUGE SUPPORT' FOR SAVINGS & INVESTMENTS UNION GENERALLY,RTRS
2025-06-22 13:38:35,IRAQI STATE-RUN BASRA OIL COMPANY SAYS ENI REDUCED ITS STAFF TO LESS THAN HALF IN ZUBAIR OILFIELD,RTRS
2025-06-23 13:39:19,IRAQI STATE-RUN BASRA OIL COMPANY SAYS TOTALENERGIES HAS EVACUATED 60% OF ITS PERSONNEL AS A PRECAUTIONARY MEASURE,RTRS
2025-06-23 13:40:36,"WHITE HOUSE: TRUMP WILL GO TO NATO MEETING ON TUESDAY, PUSH MEMBERS FOR MORE DEFENSE SPENDING",RTRS
2025-06-22 13:41:48,JAPAN PM ISHIBA: UNDERSTAND US STRIKES ON IRAN SOUGHT TO DE-ESCALATE THE SITUATION WHILE SHOWING DETERMINATION TO STOP IRAN FROM GETTING NUCLEAR WEAPONS,RTRS
2025-06-23 13:42:39,"OIL OPERATIONS IN IRAQ'S SOUTHERN OILFIELDS HAVE NOT BEEN AFFECTED BY THE STAFF EVACUATION, AVERAGE EXPORTS STAND AT 3.32 MLN BPD - TWO OIL OFFICIALS",RTRS
2025-06-23 13:42:44,JAPAN PM ISHIBA: HARD TO MAKE LEGAL JUDGMENT ON US STRIKES ON IRAN,RTRS
2025-06-23 13:45:05,"JAPAN PM ISHIBA SAYS WE MUST ALWAYS CONSIDER ASSESSMENTS IN TERMS OF INTERNATIONAL LAW, WHEN ASKED ABOUT US STRIKE ON IRAN",RTRS
2025-06-23 13:45:16,GERMANY'S MERZ: GERMANY SHOULD BECOME SITE FOR UP TO 3 AI GIGAFACTORIES,RTRS
2025-06-22 13:48:09,GERMANY'S MERZ: WE WILL NEED ADDITIONAL ELEMENTS OF MILITARY CONSCRIPTION,RTRS
2025-06-22 13:51:32,GERMANY'S MERZ: IRAN'S RESPONSE SO FAR IS A LOT MORE MEASURED THAN EXPECTED,RTRS
2025-06-22 13:57:26,GERMANY'S MERZ: EU APPROACH TO TRADE NEGOTIATIONS WITH THE US IS TOO COMPLICATED,RTRS
2025-06-23 13:57:59,GERMANY'S MERZ: WE NEED AGREEMENT FOR 4 OR 5 IMPORTANT INDUSTRIES SUCH AS CARS OR CHEMICALS,RTRS
2025-06-23 13:59:19,U.S. EFFECTIVE FEDERAL FUNDS RATE AT 4.33 PCT ON 20 JUNE ON $118 BLN IN TRADES VS 4.33 PCT ON $109 BLN ON 18 JUNE - FED DATA,RTRS
2025-06-22 14:00:00,GERMANY WILL BE ABLE TO BORROW 378.1 BILLION EUROS FOR DEFENCE BETWEEN 2025 AND 2029 THANKS TO DEBT BRAKE REFORM - SOURCES,RTRS
2025-06-22 14:00:39,ECB'S LAGARDE: SURVEY DATA POINT OVERALL TO SOME WEAKER PROSPECTS FOR ECONOMIC ACTIVITY IN THE NEAR TERM,RTRS
2025-06-22 14:01:04,"ECB'S LAGARDE: STRONG LABOUR MARKET, RISING REAL INCOMES, ROBUST PRIVATE SECTOR BALANCE SHEETS AND EASIER FINANCING CONDITIONS SHOULD HELP",RTRS
2025-06-22 14:01:13,ECB'S LAGARDE: RISKS TO THE GROWTH OUTLOOK REMAIN TILTED TO THE DOWNSIDE,RTRS
2025-06-23 14:01:28,"NEW YORK PLANS TO CONSTRUCT A NUCLEAR-POWER FACILITY, THE FIRST MAJOR NEW U.S. PLANT IN OVER 15 YEARS - WSJ",RTRS
2025-06-22 14:02:02,NEW YORK GOVERNOR HOCHUL DIRECTS STATE’S PUBLIC ELECTRIC UTILITY TO ADD AT LEAST 1 GIGAWATT OF NEW NUCLEAR-POWER PRODUCTION - WSJ,RTRS
2025-06-22 14:02:20,ECB'S LAGARDE: ACCELERATING PROGRESS TOWARDS A DIGITAL EURO IS A STRATEGIC PRIORITY,RTRS
2025-06-22 14:03:44,THE HAGUE- NATO'S RUTTE: IRAN MUST NOT DEVELOP A NUCLEAR WEAPON,RTRS
2025-06-23 14:05:49,THE HAGUE- NATO'S RUTTE: NEW BASELINE WILL BE TO SPEND 5% OF GDP ON DEFENSE,RTRS
2025-06-22 14:06:05,THE HAGUE- NATO'S RUTTE: NATO WILL INVEST IN A FIVE-FOLD INCREASE IN AIR DEFENCES,RTRS
2025-06-22 14:06:19,INDIA GOVT OFFICIAL: INDIA TAKING STEPS TO INCREASE AVERAGE ANNUAL FOREIGN INVESTMENT INFLOWS ABOVE $100 BLN,RTRS
2025-06-22 14:06:33,THE HAGUE- NATO'S RUTTE: ALLIES WILL INVEST IN THOUSANDS MORE TANKS AND ARMOURED VEHICLES,RTRS
2025-06-22 14:07:33,THE HAGUE- NATO'S RUTTE: WE WILL SEE NEW ORDERS TOMORROW AT NATO'S DEFENCE INDUSTRY FORUM,RTRS
2025-06-22 14:07:49,"POLAND TO OFFER BONDS DUE JAN 2028, JULY 2030, SEPT 2030, OCT 2030, OCT 2035 WORTH PLN 6.0-10.0 BLN AT TENDER ON JUNE 25 -FINANCE MINISTRY",RTRS
2025-06-23 14:08:14,GERMANY'S MERZ: EVIDENCE THAT IRAN IS SEEKING TO DEVELOP NUCLEAR WEAPON IS INDISPUTABLE,RTRS
2025-06-22 14:08:23,"US ASSESSES HIGH RISK OF IRANIAN RETALIATION AGAINST US FORCES SOON, US STILL PURSUING DIPLOMATIC RESOLUTION, TWO US OFFICIALS SAY",RTRS
2025-06-23 14:08:23,"IRANIAN RETALIATION COULD COME AS SOON AS NEXT DAY OR TWO, ONE OF THE OFFICIALS SAY",RTRS
2025-06-22 14:09:03,THE HAGUE -NATO'S RUTTE: THE MOST SIGNIFICANT AND DIRECT THREAT FACING THIS ALLIANCE IS RUSSIA,RTRS
2025-06-22 14:09:37,NATO'S RUTTE: OUR SUPPORT FOR UKRAINE IS UNWAVERING AND WILL PERSIST,RTRS
2025-06-23 14:10:01,NATO'S RUTTE: ALLIES WILL PROVIDE OVER 35 BILLION EUROS IN MILITARY AID FOR UKRAINE THIS YEAR,RTRS
2025-06-22 14:11:31,NATO'S RUTTE: IRAN IS HEAVILY INVOLVED IN RUSSIA'S FIGHT AGAINST UKRAINE,RTRS
2025-06-22 14:12:11,IRANIAN FOREIGN MINISTER SAYS HE HAD GOOD MEETING WITH PUTIN AND DISCUSSED IN DETAIL DEVELOPMENT OF SITUATION IN MIDDLE EAST RIA,RTRS
2025-06-22 14:12:32,NATO'S RUTTE: WE AGREE AS AN ALLIANCE TO SPEND 5% OF GDP ON DEFENCE,RTRS
2025-06-22 14:13:55,"NATO'S RUTTE: ALL ALLIES AGREED WITH THE STATEMENT, AND ALL ALLIES AGREED WITH THE NATO TARGETS",RTRS
2025-06-22 14:14:25,NATO'S RUTTE: SPAIN HAS ALSO AGREED WITH THE TARGETS,RTRS
2025-06-23 14:14:35,NATO'S RUTTE: NATO IS ABSOLUTELY CONVINCED SPAIN WILL NEED TO SPEND 3.5% TO REACH THE TARGETS,RTRS
2025-06-23 14:14:46,"DRONE FALLS IN JORDAN'S AMMAN, CAUSING MATERIAL DAMAGE -STATE NEWS AGENCY",RTRS
2025-06-22 14:15:40,"NATO'S RUTTE: SHOULD RUSSIA ATTACK US TODAY, OUR RESPONSE WOULD BE DEVASTATING",RTRS
2025-06-22 14:17:43,ISRAEL GOVERNMENT SPOKESPERSON: OUR OBJECTIVE IN IRAN IS NOT REGIME CHANGE BUT THAT MAY BE THE BYPRODUCT,RTRS
2025-06-23 10:00:00,DEEPSEEK SOUGHT TO USE SHELL COMPANIES IN SOUTHEAST ASIA TO EVADE U.S. EXPORT CONTROLS -U.S. OFFICIAL,RTRS
2025-06-23 14:18:13,"BANK OF ENGLAND'S BAILEY, ON QE/QT: UK WILL KEEP THE BENEFIT OF LOWER DEBT COSTS FOR CONSIDERABLY LONGER THAN OTHER COUNTRIES",RTRS
2025-06-22 14:18:15,SWEDISH GOVERNMENT: HAS AGREED TO BUY MEDIUM RANGE AIR DEFENCE SYSTEM,RTRS
2025-06-22 14:19:09,NATO'S RUTTE: WE STILL BELIEVE THERE IS AN IRREVERSIBLE PATH FOR UKRAINE TO NATO,RTRS
2025-06-22 14:19:49,BANK OF ENGLAND'S BAILEY : UK BANK RINGFENCING REGIME HELPS ECONOMY BECAUSE IT REQUIRES FOR THE MOST PART UK DEPOSITS TO BE USED TO LEND INTO THE UK ECONOMY,RTRS
2025-06-23 14:19:53,ITALY'S MELONI: WE HAVE ALREADY TAKEN CARE OF SECURING ITALY'S ENERGY SUPPLIES FOLLOWING ISRAEL-IRAN CRISIS,RTRS
2025-06-23 14:20:15,BOE'S BAILEY: CLAIMS THAT BOE'S QT PROGRAMME IS MORE EXPENSIVE THAN THOSE OF OTHER COUNTRIES MISSES AN IMPORTANT PART OF THE ARGUMENT,RTRS
2025-06-22 14:20:54,ISRAELI GOVERNMENT SPOKESPERSON: THE WAR WILL END WHEN ISRAEL'S OBJECTIVES RELATED TO IRAN'S NUCLEAR AND BALLISTIC MISSILE PROGRAM ARE MET,RTRS
2025-06-22 14:21:15,NATO'S RUTTE: NATO HAS NO OPT-OUTS AND NATO DOESN'T DO SIDE DEALS,RTRS
2025-06-22 14:21:38,EXXONMOBIL XOM.N: TD COWEN RAISES TARGET PRICE TO $128 FROM $120,RTRS
2025-06-22 14:22:03,ISRAELI GOVERNMENT SPOKESPERSON: CHANGE OF REGIME IN IRAN IS UP TO THE IRANIAN PEOPLE,RTRS
2025-06-22 14:25:43,"NATO'S RUTTE: IF WE DON'T RAMP UP DEFENCE PRODUCTION, OUR DETERRENCE WILL NOT BE STRONG ENOUGH",RTRS
2025-06-22 14:27:13,SWEDISH GOVERNMENT: SAYS AIR DEFENCE SYSTEM WILL COST AROUND 9 BLN SEK,RTRS
2025-06-22 14:27:20,ITALY'S MELONI: GOVT WILL COMMIT TO ACHIEVING NEW NATO GOAL OF 5% OF GDP SPENDING FOR DEFENCE AND SECURITY,RTRS
2025-06-22 14:30:00,EU ANTITRUST REGULATORS GIVE UNCONDITIONAL CLEARANCE FOR LIBERTY MEDIA'S FWONA.O ACQUISITION OF DORNA SPORTS,RTRS
2025-06-22 14:30:30,"S&P 500 .INX DOWN 1.67 POINTS, OR 0.03 PERCENT, AT 5,966.17 AFTER MARKET OPEN",RTRS
2025-06-23 14:30:30,"NASDAQ .IXIC DOWN 25.25 POINTS, OR 0.13 PERCENT, AT 19,422.16 AFTER MARKET OPEN",RTRS
2025-06-23 14:30:30,"DOW JONES .DJI DOWN 37.28 POINTS, OR 0.09 PERCENT, AT 42,169.54 AFTER MARKET OPEN",RTRS
2025-06-23 14:30:37,U.S. SUPREME COURT DECLINES TO HEAR BID BY VIRGINIA TO SCUTTLE LAWSUIT CHALLENGING STATE'S FELON DISENFRANCHISEMENT POLICY,RTRS
2025-06-22 14:30:42,ITALY'S MELONI: ITALY WILL BE ABLE TO REACH NEW NATO 3.5% OF GDP TARGET FOR DEFENCE SPENDING OVER 10 YEARS,RTRS
2025-06-22 14:36:06,"TRUMP: EVERYONE, KEEP OIL PRICES DOWN. I’M WATCHING",RTRS
2025-06-22 14:37:46,SHARES OF U.S. DEFENSE CONTRACTORS RISE AFTER U.S. STRIKES IRAN NUCLEAR SITES,RTRS
2025-06-22 14:37:55,"LOCKHEED MARTIN UP 1.5%, NORTHROP GRUMMAN UP 1.7%, GENERAL DYNAMICS UP 1.3%",RTRS
2025-06-22 14:38:05,BYD IS PAYING CASHBACKS OF 666 YUAN PER VEHICLE TO DEALERS ALL OVER CHINA - YICAI,RTRS
2025-06-22 14:38:33,TRUMP TO THE DEPARTMENT OF ENERGY: DRILL AND I MEAN NOW,RTRS
2025-06-22 14:39:56,NATO'S RUTTE: US STRIKES ON IRAN WERE NOT IN VIOLATION OF INTERNATIONAL LAW,RTRS
2025-06-22 14:45:01,U.S. S&P GLOBAL JUNE FLASH MANUFACTURING PMI AT 52.0 (VS 52.0 IN MAY),RTRS
2025-06-23 14:45:25,EDF: HIGH RIVER TEMPERATURES ON RHONE RIVER EXPECTED TO AFFECT POWER PRODUCTION AT ST ALBAN NUCLEAR PLANT FROM JULY 1,RTRS
2025-06-22 14:46:31,ITALY'S MELONI: I AM WORKING WITH GERMANY'S MERZ AND FRANCE'S MACRON OVER A JOINT APPROACH TO SUPPORTING THE AUTOMOTIVE INDUSTRY,RTRS
2025-06-22 14:48:07,"ISRAEL INTERNATIONAL BONDS RISE MORE THAN 1 CENT AFTER U.S. STRIKES ON IRAN, 2120 MATURITY UP 1.2 CENTS AT 68.056 CENTS",RTRS
2025-06-23 15:00:00,"U.S. MAY EXISTING HOME SALES 4.03 MLN UNIT RATE (CONSENSUS 3.95 MLN), VS APRIL 4.00 MLN (PREV 4.00 MLN) - NAR",RTRS
2025-06-23 15:00:00,"BOWMAN SAYS MORE WORK ON CAPITAL REQUIREMENTS REMAINS, INCLUDING GSIB SURCHARGE, REGIONAL BANK REQUIREMENTS",RTRS
2025-06-23 15:00:00,FED VICE CHAIR FOR SUPERVISION MICHELLE BOWMAN SAYS UPCOMING LEVERAGE RULE PROPOSAL A 'FIRST STEP' IN REFORMING 'DISTORTED' BANK CAPITAL REQUIREMENTS,RTRS
2025-06-23 15:00:12,INDIA TRADE MINISTER: INDIA SEES NO PROGRESS IN FTA REVIEW WITH ASEAN DESPITE NINE ROUNDS OF TALKS,RTRS
2025-06-22 15:05:10,"S&P 500 UP 0.5%, NASDAQ UP 0.4%, DOW UP 0.4%",RTRS
2025-06-22 15:06:16,CHINA FOREIGN MINISTER MET WITH INDIA'S NATIONAL SECURITY ADVISOR IN BEIJING - MINISTRY STATEMENT,RTRS
2025-06-22 15:06:42,"TWO SIDES MET TO ENHANCE COMMUNICATION, MUTUAL TRUST",RTRS
2025-06-22 15:07:27,"TWO SIDES SHOULD PROPERLY HANDLE 'SENSITIVE ISSUES', SAFEGUARD PEACE, STABILITY IN BORDER REGIONS",RTRS
2025-06-22 15:08:24,"CHINA, INDIA SHOULD ENHANCE COMMUNICATION AT DIFFERENT LEVELS AND FIELDS",RTRS
2025-06-23 15:08:31,"US DOLLAR INDEX GIVES UP EARLIER GAINS AFTER COMMENTS FROM FED'S BOWMAN, LAST AT 98.91 =USD",RTRS
2025-06-23 15:08:59,UN FACT FINDING MISSION ON IRAN: SOME OF ISRAEL'S ATTACKS ON IRAN APPEAR TO HAVE BEEN CARRIED OUT IN VIOLATION OF INTERNATIONAL HUMANITARIAN LAW,RTRS
2025-06-22 15:09:16,INDIA TRADE MINISTRY SOURCE: PROTECTING INDIAN INTEREST IS ‘SUPREME’ IN BILATERAL TRADE TALKS WITH U.S.,RTRS
2025-06-22 15:10:09,"UN FACT FINDING MISSION ON IRAN: AMONG THOSE KILLED IN TEHRAN WERE DOZENS OF RESIDENTS OF APARTMENT COMPLEX, THREE RED CROSS AID WORKERS",RTRS
2025-06-22 15:11:59,"SLOVAK PM FICO SAYS SLOVAKIA, LIKE SPAIN, MUST RESERVE RIGHT TO DECIDE ON PACE AND STRUCTURE OF INCREASE IN DEFENCE SPENDING TOWARD NATO TARGET",RTRS
2025-06-22 15:12:46,UN FACT FINDING MISSION: IRAN'S INTERNET RESTRICTIONS HAVE CREATED A DANGEROUS SITUATION FOR MILLIONS OF RESIDENTS FLEEING TEHRAN,RTRS
2025-06-22 15:13:19,SLOVAK PM FICO SAYS ANY INCREASE IN 2026 DEFENCE SPENDING ABOVE 2025 WILL GO TOWARD DUAL-USE PURPOSES SUCH AS INFRASTRUCTURE,RTRS
2025-06-22 15:13:44,RUSSIAN C.BANK: SETS OFFICIAL ROUBLE RATE FOR JUNE 24 AT 78.2923 ROUBLES PER U.S. DOLLAR (PVS RATE - 78.5016),RTRS
2025-06-22 15:13:59,UN FACT FINDING MISSION ON IRAN: WE ARE RECEIVING CONCERNING REPORTS OF ARBITRARY ARRESTS OVER ACCUSATIONS OF ESPIONAGE WITH ISRAEL,RTRS
2025-06-22 15:14:30,BRENT CRUDE FUTURES FALL OVER $1 AFTER HITTING HIGHEST SINCE JANUARY EARLIER IN THE SESSION,RTRS
2025-06-22 15:15:20,"US 10-YR TREASURIES YIELD FALLS AFTER FED'S BOWMAN SAYS OPEN TO OPEN TO CUTTING RATES AS SOON AS JULY, LAST DOWN 4.9 BASIS POINTS AT 3.859%",RTRS
2025-06-22 15:15:21,"US 2-YR TREASURIES YIELD FALLS AFTER FED'S BOWMAN COMMENTS, LAST DOWN 5.3 BASIS POINTS TO 4.322%.",RTRS
2025-06-22 15:17:02,"RUSSIA'S DEPUTY FOREIGN MINISTER, ASKED WHETHER IRAN HAS REQUESTED MILITARY ASSISTANCE: WE ARE WORKING WITH IRANIN VARIOUS AREAS, IT WOULD BE IRRESPONSIBLE TO DISCLOSE DETAILS OF THIS COOPERATION - INTERFAX",RTRS
2025-06-22 15:17:57,RUSSIA'S RYABKOV SAYS STRATEGIC PARTNERSHIP BETWEEN RUSSIA AND IRAN IS UNBREAKABLE - TASS,RTRS
2025-06-22 15:18:22,RUSSIA'S RYABKOV SAYS IRAN HAS FULL RIGHT TO SELF-DEFENCE - RIA,RTRS
2025-06-22 15:19:53,"VENEZUELA'S SECOND LARGEST REFINERY HALTED DUE TO POWER BLACKOUT, SOURCES SAY",RTRS
2025-06-22 15:21:29,CHINA FOREIGN MINISTER: ISRAEL ATTACKS ON IRAN ON BASIS OF 'POSSIBLE FUTURE THREAT' SENT 'WRONG SIGNALS' TO THE WORLD - MINISTRY STATEMENT,RTRS
2025-06-22 15:22:11,CHINA FOREIGN MINISTER: US ATTACKS ON IRAN NUCLEAR FACILITIES SET 'BAD PRECEDENT',RTRS
2025-06-22 15:23:12,"CHINA FOREIGN MINISTER: ALL PARTIES TO THE CONFLICT SHOULD TAKE MEASURES TO COOL DOWN SITUATION, COME BACK TO DIALOGUE, NEGOTIATION",RTRS
2025-06-22 15:23:50,ISRAELI MILITARY ISSUES EVACUATION WARNING TO RESIDENTS OF TEHRAN - STATEMENT,RTRS
2025-06-22 15:24:00,US CRUDE FUTURES CLc1 FALL OVER $1 AFTER TOUCHING THEIR HIGHEST SINCE JANUARY EARLIER IN THE SESSION,RTRS
2025-06-22 15:27:54,"IRAN MISSION TO UN SAYS US, ISRAEL, UK, FRANCE, ISRAEL, IAEA GENERAL DIRECTOR WILL 'BEAR FULL RESPONSIBILITY FOR THE DEATH OF INNOCENT CIVILIANS IN IRAN' -POST ON X",RTRS
2025-06-22 15:28:50,"UKRAINE'S ANTI-CORRUPTION POLICE ISSUE OFFICIAL NOTICE OF SUSPICION TO DEPUTY PRIME MINISTER, PRESS SERVICE SAYS",RTRS
2025-06-22 15:29:55,U.S. FTC SAYS IT PREVENTS ANTICOMPETITIVE COORDINATION IN GLOBAL ADVERTISING MERGER,RTRS
2025-06-22 15:30:29,"NORWAY PRIME MINISTER: NORWAY PLEDGES NOK  10  BILLION TO THE VACCINE ALLIANCE, GAVI, AND THE GLOBAL FUND TO FIGHT AIDS, TUBERCULOSIS AND MALARIA FOR THE PERIOD  2026–2030",RTRS
2025-06-22 15:30:32,BRITISH GOVERNMENT ISSUES WARNING TO UK CITIZENS IN QATAR TO SHELTER IN PLACE UNTIL FURTHER NOTICE,RTRS
2025-06-22 15:32:18,ECB'S LAGARDE: INFLATION EXPECTATIONS ARE GOING TO BE DRIVING FORCE IN MEASURING HOW PERSISTENT SUPPLY SHOCKS ARE,RTRS
2025-06-22 15:33:19,U.S. FTC SAYS IT ACCEPTS PROPOSED CONSENT ORDER FOR OMNICOM AND INTERPUBLIC,RTRS
2025-06-22 15:35:48,SRC : TO DELIVER COUNTER-UAS TECHNOLOGIES TO QATAR AS PART OF $1B AGREEMENT WITH U.S,RTRS
2025-06-22 15:38:42,IMF TECHNICAL MISSION TO ARRIVE IN BUENOS AIRES ON TUESDAY FOR FIRST REVIEW OF $20 BLN PROGRAM - IMF SOURCE,RTRS
2025-06-22 15:40:03,UK FOREIGN OFFICE: FLIGHT CARRYING BRITISH NATIONALS HAS LEFT ISRAEL,RTRS
2025-06-22 15:40:28,UK FOREIGN MINISTER LAMMY: FURTHER FLIGHTS WILL FOLLOW IN COMING DAYS,RTRS
2025-06-22 15:42:59,CHINESE EMBASSY IN QATAR: REMINDS CHINESE CITIZENS TO STRENGTHEN SAFETY PRECAUTIONS,RTRS
2025-06-22 15:45:18,"UK FOREIGN MINISTER LAMMY: WE ARE PREPARED TO DEFEND OUR PERSONNEL AND ASSETS IN MIDDLE EAST, AND THOSE OF OUR ALLIES",RTRS
2025-06-22 15:53:05,CHINA'S FOREIGN MINISTRY OFFICIAL MET WITH IRAN'S AMBASSADOR TO CHINA - FOREIGN MINISTRY STATEMENT,RTRS
2025-06-22 15:54:15,FRANCE'S BARROT: STRIKE ON EVIN PRISON WHICH PUT FRENCH PRISONERS IN DANGER UNACCEPTABLE,RTRS
2025-06-22 15:54:39,"UK FOREIGN MINISTER LAMMY: AROUND 15-20% OF THE 4,000 BRITISH NATIONALS WHO HAVE REGISTERED THEIR PRESENCE IN ISRAEL HAVE INDICATED A PREFERENCE TO LEAVE",RTRS
2025-06-22 16:00:15,"EU'S FOREIGN POLICY CHIEF SAYS BY END OF THIS WEEK, WE AIM TO APPROVE 18TH PACKAGE OF SANCTIONS AGAINST RUSSIA",RTRS
2025-06-22 16:02:38,EU'S FOREIGN POLICY CHIEF KALLAS: I WILL NOW ADDRESS RESULTS OF THE REVIEW WITH ISRAEL,RTRS
2025-06-22 16:03:01,"UK FOREIGN MINISTER LAMMY: AROUND 15-25% (NOT 15-20%) OF THE 4,000 BRITISH NATIONALS WHO HAVE REGISTERED THEIR PRESENCE IN ISRAEL HAVE INDICATED A PREFERENCE TO LEAVE",RTRS
2025-06-22 16:03:20,PAKISTAN AIRPORTS AUTHORITY: ISSUES NOTAM EXTENDING AIRSPACE BAN ON INDIAN AIRCRAFT UNTIL JULY 23,RTRS
2025-06-22 16:08:40,WHATSAPP BANNED ON U.S. HOUSE OF REPRESENTATIVES DEVICES - MEMO SENT TO HOUSE STAFF,RTRS
2025-06-22 16:09:19,EXPLOSION HEARD IN SOUTHWESTERN CITY OF AHVAZ IN IRAN; AIR DEFENCES ACTIVATED - SEMI-OFFICIAL FARS NEWS AGENCY,RTRS
2025-06-22 16:15:09,"TENTATIVE TENDER OF NON-COMPS, FIMA FOR 6-MONTH BILLS TOTAL $1.6 BLN; COMPETITIVE REMAINING $66.4 BLN",RTRS
2025-06-22 16:18:17,"NEW YORK PLANS TO CONSTRUCT NEW ADVANCED NUCLEAR POWER PLANT IN UPSTATE, GOVERNOR SAYS",RTRS
2025-06-22 16:31:46,"S&P GLOBAL SAYS IT WOULD TAKE A CONFLUENCE OF TAX, ENDOWMENT AND ENROLLMENT ISSUES TO IMPACT HARVARD'S TRIPLE A CREDIT RATING",RTRS
2025-06-22 16:32:06,"U.S. SELLS $79 BLN 3-MONTH BILLS AT HIGH RATE 4.195%, AWARDS 42.50% OF BIDS AT HIGH",RTRS
2025-06-22 16:32:06,U.S. 6-MONTH BILL BID-TO-COVER RATIO 2.70,RTRS
2025-06-22 16:35:26,"QATAR SHUTS DOWN AIRSPACE TEMPORARILY TO ENSURE SAFETY OF VISITORS, RESIDENTS - FOREIGN MINISTRY ON X",RTRS
2025-06-22 16:36:54,NORTHERN TRUST SAYS IT IS FULLY COMMITTED TO REMAINING INDEPENDENT,RTRS
2025-06-22 16:37:14,NORTHERN TRUST COMMENTS AFTER WALL STREET JOURNAL REPORTED BNY APPROACHED IT ABOUT A MERGER,RTRS
2025-06-22 16:38:14,SUNDAE BAR PLC - ADOPTS BITCOIN TREASURY MANAGEMENT POLICY,RTRS
2025-06-22 16:39:54,BAKER HUGHES HAS TAKEN TEMPORARY PRECAUTIONARY MEASURES TO DEMOBILIZE PERSONNEL FROM IRAQ - SPOKESPERSON,RTRS
2025-06-22 16:55:18,UK PM STARMER: ANNOUNCING INDUSTRIAL MILITARY CO-PRODUCTION AGREEMENT WITH UKRAINE AFTER MEETING WITH ZELENSKIY,RTRS
2025-06-22 16:56:18,TESLA SAYS ANSWERS TO QUESTIONS ON SAFETY OF ROBOTAXI DEPLOYMENT IN TEXAS TO US REGULATORS SHOULD NOT BE MADE PUBLIC,RTRS
2025-06-22 17:10:39,FRENCH PRESIDENT MACRON: THERE IS NO ELEMENT OF ILLEGALITY REGARDING STRIKES ON IRAN NUCLEAR FACILITIES,RTRS
2025-06-22 17:12:32,"MACRON, ASKED ABOUT POSSIBLE REGIME CHANGE IN IRAN, SAYS ANY SUCH MOVE SHOULD BE A RESULT OF THE IRANIAN PEOPLE, NOT A RESULT OF BOMBS",RTRS
2025-06-22 17:17:46,MACRON: CONDEMNS STRIKES ON IRAN PRISON IN EVIN,RTRS
2025-06-22 17:23:11,FRENCH PRESIDENT MACRON: THERE IS NO FRAMEWORK OF LEGALITY (NOT 'NO ELEMENT OF ILLEGALITY') REGARDING STRIKES ON IRAN NUCLEAR FACILITIES,RTRS
2025-06-22 17:25:28,IRAN'S SEMI-OFFICIAL MEHR NEWS AGENCY SAYS TWO FIGHTERS KILLED IN ISRAELI ATTACK ON IRANIAN REVOLUTIONARY GUARD CENTRE IN TEHRAN,RTRS
2025-06-22 17:26:28,WAR RISK SHIPPING INSURANCE RATES FOR VOYAGES TO THE MIDDLE EAST GULF JUMP TO 0.5% FROM 0.2%-0.3% A WEEK AGO AFTER US AIRSTRIKES ON IRAN - SOURCES,RTRS
2025-06-22 17:27:32,THERE HAS BEEN A CREDIBLE IRANIAN THREAT AGAINST THE US-RUN AL UDEID AIR BASE IN QATAR SINCE NOON ON MONDAY - WESTERN DIPLOMAT TO REUTERS,RTRS
2025-06-22 17:31:52,IRAN POSITIONS MISSILE LAUNCHERS FOR POTENTIAL ATTACK ON U.S. FORCES- WSJ,RTRS
2025-06-22 17:34:49,HOLDERS OF ARGENTINA 1.5 BLN EURO GDP WARRANTS FILE FOR U.S. RECOGNITION OF ENGLISH COURTS JUDGEMENTS,RTRS
2025-06-22 17:35:13,IRAN IS PREPARING TO FIRE MISSILES AT AMERICAN BASES IN THE COMING MINUTES -AXIOS REPORTER ON X,RTRS
2025-06-22 17:35:49,"MEXICO'S MAIN STOCK INDEX DEEPENS LOSSES, DOWN 1%",RTRS
2025-06-22 17:36:40,EXPLOSIONS HEARD OVER QATAR CAPITAL DOHA - REUTERS WITNESS,RTRS
2025-06-22 17:36:59,"U.S. STOCKS MOVE LOWER; S&P 500 DOWN 0.3%, NASDAQ DOWN 0.4%, DOW DOWN 0.4%",RTRS
2025-06-22 17:38:11,"AXIOS REPORTER, CITING ISRAELI OFFICIAL, SAYS IRAN LAUNCHED 6 MISSILES TOWARDS U.S. BASES IN QATAR",RTRS
2025-06-22 17:39:33,FURTHER EXPLOSIONS HEARD OVER DOHA - REUTERS WITNESS,RTRS
2025-06-22 17:40:54,"US DOLLAR INDEX PARES DECLINE AFTER REPORT IRAN POSITIONING FOR POTENTIAL ATTACK ON US FORCES, LAST DOWN 0.17% AT 98.75 =USD",RTRS
2025-06-22 17:44:44,"ITALY'S MELONI: THERE IS NO NEED TO TAP EU CLAUSE ALLOWING EXTRA DEFICIT FOR DEFENCE SPENDING BOOST, AT LEAST FOR 2026 BUDGET",RTRS
2025-06-22 17:44:54,"US, BRENT CRUDE FUTURES CLc1 LCOc1 FALL OVER $2 IN VOLATILE TRADING",RTRS
2025-06-22 17:45:27,AIR DEFENSE SYSTEM ACTIVATED IN US AIN AL-ASAD AIRBASE IN IRAQ FOR FEAR OF A POTENTIAL ATTACK -MILITARY SOURCES TO REUTERS,RTRS
2025-06-22 17:48:01,"MAXIMUM ALERT STATUS DECLARED, ORDERS ISSUED TO TAKE SHELTER IN BUNKERS AT AIN AL-ASAD AIRBASE IN IRAQ -MILITARY SOURCES TO REUTERS",RTRS
2025-06-22 17:49:32,THE UNITED ARAB EMIRATES IS CLOSELY MONITORING THE ONGOING REGIONAL DEVELOPMENTS AND IS CONTINUOUSLY ASSESSING THE SITUATION - UAE GOVERNMENT SPOKESPERSON,RTRS
2025-06-22 17:49:53,"THIS APPROACH FORMS PART OF THE UAE’S INTEGRATED NATIONAL FRAMEWORK FOR EMERGENCY AND CRISIS MANAGEMENT, WHICH PRIORITIZES PUBLIC SAFETY AND THE CONTINUITY OF OPERATIONS ACROSS ALL SECTORS - UAE GOVERNMENT SPOKESPERSON",RTRS
2025-06-22 17:50:27,"THE WHITE HOUSE AND THE DEPARTMENT OF DEFENSE ARE AWARE OF, AND CLOSELY MONITORING, POTENTIAL THREATS TO AL UDEID AIR BASE IN QATAR -SENIOR WHITE HOUSE OFFICIAL",RTRS
2025-06-22 17:51:04,BAHRAIN URGES CITIZENS AND RESIDENTS TO USE MAIN ROADS ONLY WHEN NECESSARY IN LIGHT OF RECENT DEVELOPMENTS AND REGIONAL SECURITY CONDITION - INTERIOR MINISTRY ON X,RTRS
2025-06-22 17:51:56,BAHRAIN SAYS INSTRUCTIONS MADE TO ALLOW 'RELEVANT AUTHORITIES' TO USE ROADS EFFICIENTLY - INTERIOR MINISTRY ON X,RTRS
2025-06-22 17:53:00,IRAN'S TASNIM SAYS MISSILE OPERATION CALLED 'ANNUNCIATION OF VICTORY' LAUNCHED AGAINST U.S. BASES IN IRAQ AND QATAR,RTRS
2025-06-23 17:53:00,IRAN'S TASNIM SAYS MISSILE OPERATION CALLED 'ANNUNCIATION OF VICTORY' LAUNCHED AGAINST U.S. BASES IN IRAQ AND QATAR,RTRS
2025-06-22 17:54:26,ISRAELI MILITARY SAYS IT COMPLETED A SERIES OF STRIKES ON MISSILES AND DRONE STORAGE SITES IN WESTERN IRAN,RTRS
2025-06-22 17:58:26,FLIGHTRADAR ON X: UAE AIRSPACE IS CLOSED BASED ON FLIGHT PATHS AND AIR TRAFFIC CONTROL AUDIO,RTRS
2025-06-22 17:58:41,"TRUMP CURRENTLY IN SITUATION ROOM WITH DEFENSE SEC, JOINT CHIEFS - CNBC CITING ADMIN OFFICIAL",RTRS
2025-06-22 18:01:25,IRAN'S ARMED FORCES SAY THEY TARGETED THE AL-UDEID BASE IN QATAR WITH A 'DEVASTATING AND POWERFUL' MISSILE ATTACK IN OPERATION - STATEMENT,RTRS
2025-06-22 18:02:18,MACRON AND MERZ: WE WILL INCREASE OUR SUPPORT TO THE UKRAINIAN ARMED FORCES.- FT,RTRS
2025-06-22 18:02:21,BAHRAIN SAYS SIRENS SOUNDED; CITIZENS AND RESIDENTS URGED TO REMAIN CALM AND HEAD TO NEAREST SAFE PLACE - INTERIOR MINISTRY ON X,RTRS
2025-06-22 18:02:28,IRAN'S ARMED FORCES SAY THEY WILL NOT LEAVE ANY ATTACK ON IRAN'S TERRITORY UNANSWERED UNDER ANY CIRCUMSTANCES - STATEMENT,RTRS
2025-06-22 18:02:38,MACRON AND MERZ: FRANCE AND GERMANY NOW SPEND MORE THAN 2 PER CENT OF THEIR GDP ON DEFENCE.- FT,RTRS
2025-06-22 18:03:27,MACRON AND MERZ: AIM TO ULTIMATELY REACH 3.5 % IN CORE DEFENCE SPENDING AND 1.5 PER CENT IN BROADER EXPENSES CONTRIBUTING TO THE DEFENCE EFFORT.- FT,RTRS
2025-06-22 18:04:21,"IRAN'S ARMED FORCES SAY U.S. REGIONAL BASES ARE A 'MAJOR WEAKNESS AND THORN IN THE SIDE OF U.S. WAR-MONGERING REGIME', NOT A STRENGTH - STATEMENT",RTRS
2025-06-23 18:04:59,"BRENT, US CRUDE FUTURES LCOc1 CLc1 FALL OVER $3 IN VOLATILE TRADING",RTRS
2025-06-24 00:29:25,"JAPAN ECONOMY MINISTER AKAZAWA ARRANGING TO VISIT U.S. AS EARLY AS JUNE 26 FOR TARIFF TALKS, YOMIURI SAYS",RTRS
2025-06-23 00:34:32,TRUMP BROKERED CEASEFIRE AGREEMENT IN PHONE CALL WITH ISRAEL'S NETANYAHU MONDAY AFTERNOON - SENIOR WHITE HOUSE OFFICIAL,RTRS
2025-06-23 00:35:06,"VANCE, RUBIO AND ENVOY WITKOFF HELD DIRECT AND INDIRECT TALKS WITH IRANIANS TO BROKER CEASEFIRE -WHITE HOUSE OFFICIAL",RTRS
